{
    "images": [
        {
            "height": 682,
            "width": 1024,
            "id": 1,
            "file_name": "terrain2.png"
        }
    ],
    "categories": [
        {
            "supercategory": "car",
            "id": 1,
            "name": "car"
        }
    ],
    "annotations": [
        {
            "iscrowd": 0,
            "image_id": 1,
            "bbox": [
                218.0,
                448.0,
                222.0,
                161.0
            ],
            "segmentation": [
                [
                    218.0,
                    448.0,
                    440.0,
                    448.0,
                    440.0,
                    609.0,
                    218.0,
                    609.0
                ]
            ],
            "category_id": 1,
            "id": 1,
            "area": 698368
        },
        {
            "iscrowd": 0,
            "image_id": 1,
            "bbox": [
                501.0,
                451.0,
                121.0,
                92.0
            ],
            "segmentation": [
                [
                    501.0,
                    451.0,
                    622.0,
                    451.0,
                    622.0,
                    543.0,
                    501.0,
                    543.0
                ]
            ],
            "category_id": 1,
            "id": 2,
            "area": 698368
        },
        {
            "iscrowd": 0,
            "image_id": 1,
            "bbox": [
                634.0,
                437.0,
                81.0,
                56.0
            ],
            "segmentation": [
                [
                    634.0,
                    437.0,
                    715.0,
                    437.0,
                    715.0,
                    493.0,
                    634.0,
                    493.0
                ]
            ],
            "category_id": 1,
            "id": 3,
            "area": 698368
        },
        {
            "iscrowd": 0,
            "image_id": 1,
            "bbox": [
                725.0,
                423.0,
                70.0,
                51.0
            ],
            "segmentation": [
                [
                    725.0,
                    423.0,
                    795.0,
                    423.0,
                    795.0,
                    474.0,
                    725.0,
                    474.0
                ]
            ],
            "category_id": 1,
            "id": 4,
            "area": 698368
        },
        {
            "iscrowd": 0,
            "image_id": 1,
            "bbox": [
                791.0,
                404.0,
                40.0,
                47.0
            ],
            "segmentation": [
                [
                    791.0,
                    404.0,
                    831.0,
                    404.0,
                    831.0,
                    451.0,
                    791.0,
                    451.0
                ]
            ],
            "category_id": 1,
            "id": 5,
            "area": 698368
        }
    ]
}
